<?xml version="1.0" encoding="UTF-8" standalone="yes"?>
<content>
    <qradarversion>7.2.8.20190709185412</qradarversion>
    <application_zip>
        <filedata>installed_application-ContentExport-20190730142458/1001.zip</filedata>
        <id>/store/qapp/1001/1001.zip</id>
    </application_zip>
    <installed_application>
        <installed_by></installed_by>
        <task_status>COMPLETED</task_status>
        <memory>200</memory>
        <manifest>{&quot;console_ip&quot;:&quot;&quot;,&quot;configuration_pages&quot;:[{&quot;required_capabilities&quot;:[&quot;ADMIN&quot;],&quot;icon&quot;:null,&quot;description&quot;:&quot;Application Development&quot;,&quot;text&quot;:&quot;Develop Applications&quot;,&quot;url&quot;:&quot;bootstrapper&quot;}],&quot;name&quot;:&quot;QRadar App Editor&quot;,&quot;log_level&quot;:&quot;warning&quot;,&quot;description&quot;:&quot;Application for installing other applications in Development-mode.&quot;,&quot;docker_host&quot;:&quot;localhost&quot;,&quot;version&quot;:&quot;2.2.0&quot;,&quot;uuid&quot;:&quot;ae1c84d0-be94-11e5-a837-0800200c9a66&quot;,&quot;app_id&quot;:1001,&quot;docker_port&quot;:32768}</manifest>
        <description>Application for installing other applications in Development-mode.</description>
        <task_id>1</task_id>
        <docker_port>32768</docker_port>
        <zip_source_file_path>/store/qapp/1001/1001.zip</zip_source_file_path>
        <name>QRadar App Editor</name>
        <installed_on>1564492669655</installed_on>
        <id>1001</id>
        <image_id>bf913f0ddbcf47b5b8d5d77a980f97e1</image_id>
        <container_id>933b833afa6617eb42811cc5c1a86c5685d230d737aa7bc85c0beb37a7f82586</container_id>
        <status>RUNNING</status>
    </installed_application>
</content>
